Date,Case_Recovered_Rate,Total_Recovered
2022-05-23,97.366%,5893340
2022-05-30,97.366%,5895176
2022-05-29,97.365%,5894889
2022-05-31,97.365%,5895423
2022-05-28,97.365%,5894628
2022-05-27,97.365%,5894380
2022-05-24,97.365%,5893628
2022-05-26,97.364%,5894103
2022-05-25,97.364%,5893860
2022-06-03,97.363%,5896290
2022-06-02,97.363%,5895940
2022-06-01,97.362%,5895606
2022-06-04,97.36%,5896548
2022-06-05,97.358%,5896752
2022-06-06,97.357%,5897022
2022-06-07,97.354%,5897372
2022-05-22,97.354%,5892411
2022-05-20,97.353%,5891872
2022-05-21,97.352%,5892126
2022-05-19,97.352%,5891574
2022-05-17,97.35%,5890826
2022-05-18,97.35%,5891190
2022-06-08,97.35%,5897630
2022-06-09,97.348%,5898040
2022-06-10,97.343%,5898384
2022-06-11,97.34%,5898758
2022-06-12,97.337%,5899111
2022-05-16,97.337%,5889797
2022-05-15,97.335%,5889534
2022-05-14,97.334%,5889241
2022-06-13,97.334%,5899501
2022-05-12,97.334%,5888571
2022-05-13,97.333%,5888825
2022-06-14,97.328%,5900049
2022-05-11,97.326%,5887786
2022-05-10,97.317%,5886870
2022-06-15,97.317%,5900574
2022-05-09,97.314%,5886211
2022-05-08,97.312%,5885858
2022-05-07,97.308%,5885406
2022-05-06,97.307%,5885099
2022-06-16,97.307%,5901083
2022-05-05,97.305%,5884770
2022-05-04,97.302%,5884325
2022-05-03,97.3%,5884059
2022-06-17,97.296%,5901639
2022-05-02,97.296%,5883664
2022-05-01,97.292%,5883293
2022-04-30,97.286%,5882660
2022-06-18,97.285%,5902162
2022-04-29,97.281%,5882062
2022-04-28,97.278%,5881490
2022-06-19,97.276%,5902794
2022-06-20,97.268%,5903461
2022-04-27,97.265%,5880319
2022-04-26,97.256%,5879141
2022-06-21,97.253%,5904138
2022-06-22,97.232%,5904825
2022-06-23,97.22%,5905971
2022-06-24,97.204%,5906969
2022-04-25,97.198%,5875083
2022-06-25,97.192%,5908043
2022-06-27,97.188%,5910855
2022-06-26,97.184%,5909218
2022-06-28,97.172%,5912025
2022-06-29,97.159%,5913307
2022-07-04,97.158%,5922117
2022-07-03,97.15%,5920249
2022-07-02,97.15%,5918643
2022-06-30,97.15%,5914933
2022-07-01,97.149%,5916854
2022-07-05,97.145%,5923808
2022-07-06,97.134%,5925853
2022-04-24,97.126%,5870419
2022-07-08,97.119%,5930116
2022-07-07,97.119%,5927730
2022-07-09,97.108%,5932089
2022-07-11,97.102%,5935845
2022-07-10,97.098%,5933979
2022-04-23,97.096%,5868251
2022-09-16,97.091%,6218708
2022-09-15,97.08%,6215711
2022-07-12,97.078%,5937625
2022-04-22,97.07%,5866169
2022-09-14,97.059%,6211796
2022-07-13,97.049%,5939564
2022-09-13,97.04%,6207858
2022-07-14,97.039%,5942436
2022-07-15,97.033%,5945278
2022-09-12,97.027%,6204241
2022-07-16,97.008%,5947980
2022-09-11,97.001%,6200776
2022-07-17,96.994%,5950554
2022-09-10,96.988%,6198051
2022-07-18,96.98%,5952981
2022-09-09,96.979%,6194953
2022-07-19,96.942%,5955577
2022-09-08,96.938%,6189607
2022-09-07,96.931%,6186166
2022-09-06,96.93%,6182661
2022-09-05,96.904%,6177525
2022-04-21,96.901%,5855361
2022-07-20,96.891%,5957908
2022-09-04,96.87%,6173081
2022-09-03,96.853%,6169330
2022-07-21,96.853%,5960833
2022-09-02,96.84%,6165328
2022-07-22,96.832%,5964196
2022-09-01,96.825%,6160877
2022-07-23,96.821%,5968304
2022-08-29,96.818%,6147140
2022-08-30,96.812%,6151650
2022-08-31,96.811%,6156034
2022-07-25,96.802%,5975011
2022-07-24,96.801%,5970988
2022-08-28,96.788%,6142438
2022-08-26,96.781%,6134880
2022-08-25,96.76%,6129122
2022-08-27,96.757%,6137394
2022-07-26,96.757%,5978522
2022-08-24,96.748%,6123342
2022-08-23,96.744%,6117792
2022-08-22,96.737%,6112658
2022-07-27,96.719%,5982347
2022-07-28,96.712%,5988052
2022-08-21,96.708%,6107680
2022-08-01,96.702%,6005981
2022-07-29,96.693%,5992537
2022-08-08,96.692%,6042657
2022-07-31,96.686%,6001402
2022-08-02,96.685%,6010545
2022-08-07,96.681%,6037738
2022-08-18,96.68%,6092306
2022-08-19,96.68%,6097334
2022-07-30,96.678%,5996805
2022-08-05,96.674%,6027872
2022-08-20,96.673%,6101636
2022-04-20,96.672%,5840945
2022-08-09,96.672%,6047507
2022-08-16,96.671%,6082732
2022-08-15,96.668%,6076929
2022-08-06,96.667%,6032722
2022-08-04,96.665%,6021549
2022-08-03,96.659%,6014885
2022-08-10,96.659%,6052413
2022-08-17,96.659%,6087056
2022-08-14,96.652%,6072421
2022-08-11,96.651%,6057237
2022-08-13,96.642%,6067518
2022-08-12,96.64%,6062463
2022-04-19,96.607%,5836310
2022-04-18,96.575%,5833560
2021-12-31,96.519%,4114334
2021-12-30,96.519%,4114141
2022-01-02,96.517%,4114689
2022-01-01,96.517%,4114499
2022-01-03,96.514%,4114801
2021-12-27,96.514%,4113320
2021-12-29,96.513%,4113742
2021-12-28,96.512%,4113472
2021-12-26,96.511%,4113049
2022-01-04,96.511%,4114969
2021-12-23,96.511%,4112524
2021-12-24,96.51%,4112706
2021-12-25,96.509%,4112901
2021-12-22,96.508%,4112292
2021-12-16,96.507%,4111045
2021-12-20,96.507%,4111835
2021-12-21,96.507%,4112040
2022-01-05,96.506%,4115149
2021-12-15,96.506%,4110811
2021-12-19,96.505%,4111619
2021-12-17,96.505%,4111250
2021-12-14,96.505%,4110574
2021-12-18,96.505%,4111464
2021-12-13,96.504%,4110327
2021-12-10,96.5%,4109675
2021-12-11,96.499%,4109865
2021-12-12,96.499%,4110049
2022-01-06,96.499%,4115358
2021-12-09,96.497%,4109364
2021-12-08,96.495%,4109068
2021-12-07,96.492%,4108717
2022-01-07,96.492%,4115572
2021-12-06,96.488%,4108297
2022-01-08,96.485%,4115747
2022-01-09,96.478%,4115958
2022-01-10,96.474%,4116202
2022-01-11,96.466%,4116648
2022-01-12,96.459%,4116962
2022-04-17,96.454%,5825729
2022-01-13,96.45%,4117347
2021-12-05,96.444%,4106292
2021-12-04,96.442%,4105994
2021-12-03,96.44%,4105680
2022-01-14,96.439%,4117700
2021-12-02,96.438%,4105352
2021-12-01,96.436%,4104964
2021-11-23,96.435%,4102323
2021-11-30,96.435%,4104657
2021-11-29,96.434%,4104333
2021-11-22,96.433%,4101889
2021-11-24,96.433%,4102700
2021-11-25,96.432%,4102993
2021-11-26,96.431%,4103379
2021-11-21,96.43%,4101547
2021-11-19,96.429%,4100837
2021-11-20,96.429%,4101216
2021-11-28,96.428%,4103914
2021-11-27,96.428%,4103639
2022-01-15,96.426%,4118164
2021-11-18,96.425%,4100321
2021-11-16,96.424%,4099399
2022-01-16,96.424%,4118874
2021-11-17,96.423%,4099857
2022-01-17,96.42%,4119472
2021-11-15,96.42%,4098884
2022-04-16,96.418%,5822947
2021-11-14,96.408%,4098178
2021-11-13,96.404%,4097675
2022-01-18,96.403%,4120036
2021-11-12,96.402%,4097224
2021-11-11,96.398%,4096664
2021-11-10,96.396%,4096194
2021-11-09,96.395%,4095663
2021-11-08,96.391%,4095078
2022-04-15,96.382%,5820179
2022-01-19,96.375%,4120540
2021-11-07,96.366%,4093795
2021-11-06,96.362%,4093208
2022-04-14,96.359%,5817904
2021-11-05,96.357%,4092586
2021-11-04,96.353%,4091938
2021-11-03,96.348%,4091101
2021-11-02,96.347%,4090287
2022-01-20,96.341%,4121117
2021-11-01,96.34%,4089419
2021-10-30,96.331%,4088138
2021-10-31,96.331%,4088635
2021-10-29,96.329%,4087440
2021-10-28,96.328%,4086759
2021-10-27,96.322%,4085775
2022-04-13,96.319%,5814688
2021-10-26,96.316%,4084831
2021-10-25,96.303%,4083690
2022-01-21,96.301%,4121928
2022-04-12,96.294%,5811666
2021-10-24,96.284%,4082454
2021-10-23,96.274%,4081417
2021-10-22,96.267%,4080351
2022-04-11,96.262%,5808380
2021-10-21,96.255%,4079120
2022-01-22,96.244%,4122555
2021-10-20,96.237%,4077748
2021-10-19,96.229%,4076541
2022-04-10,96.216%,5804402
2021-10-18,96.213%,4075011
2022-01-23,96.195%,4123267
2022-04-09,96.191%,5801909
2021-10-17,96.19%,4073418
2021-10-16,96.181%,4072332
2021-10-15,96.168%,4070807
2021-10-14,96.156%,4069399
2022-04-08,96.151%,5798044
2022-01-24,96.151%,4124211
2021-10-13,96.139%,4067684
2022-04-07,96.122%,5794602
2021-10-12,96.114%,4065425
2021-10-11,96.092%,4063295
2022-01-25,96.062%,4125080
2022-04-06,96.057%,5788714
2021-10-10,96.048%,4060851
2021-10-09,96.031%,4059267
2021-10-08,96.022%,4057760
2022-04-05,96.006%,5783299
2021-10-07,95.97%,4054246
2022-01-26,95.966%,4127662
2021-10-06,95.956%,4052300
2021-10-05,95.922%,4049449
2022-04-04,95.922%,5776058
2021-10-04,95.893%,4046891
2021-10-03,95.851%,4044235
2021-10-02,95.829%,4042215
2022-04-03,95.826%,5768703
2022-01-27,95.824%,4129305
2021-10-01,95.805%,4039835
2022-04-02,95.789%,5764636
2021-09-30,95.775%,4037024
2021-09-29,95.746%,4034176
2022-04-01,95.746%,5759838
2021-09-28,95.717%,4031099
2021-09-27,95.68%,4027548
2022-01-28,95.651%,4131333
2022-03-31,95.642%,5750802
2021-09-26,95.622%,4023777
2021-09-25,95.591%,4020801
2022-03-30,95.564%,5742931
2021-09-24,95.551%,4017055
2021-09-23,95.499%,4012448
2022-03-29,95.494%,5735055
2021-09-22,95.46%,4008062
2022-01-29,95.455%,4133923
2021-09-21,95.394%,4002706
2022-03-28,95.388%,5724963
2021-09-20,95.312%,3996125
2022-03-27,95.261%,5714662
2022-01-30,95.256%,4137164
2021-09-19,95.193%,3989326
2022-01-31,95.109%,4140454
2022-03-26,95.101%,5702163
2021-09-18,95.096%,3983140
2021-09-17,95.004%,3976064
2022-03-25,94.985%,5691220
2021-09-16,94.902%,3968152
2022-02-01,94.835%,4143694
2022-03-24,94.817%,5676510
2021-09-15,94.623%,3953519
2022-03-23,94.603%,5658238
2022-02-02,94.564%,4148804
2021-09-14,94.448%,3942473
2022-03-22,94.383%,5639029
2021-09-13,94.272%,3931227
2022-02-03,94.117%,4154797
2021-09-12,94.031%,3918753
2022-03-21,94.013%,5609945
2021-09-11,93.891%,3909352
2021-09-10,93.821%,3901766
2022-03-20,93.737%,5589057
2021-09-09,93.597%,3887410
2022-02-04,93.597%,4161987
2022-03-19,93.565%,5573228
2021-09-08,93.475%,3876760
2021-09-07,93.34%,3864848
2022-03-18,93.286%,5549220
2021-09-06,93.16%,3850689
2022-02-05,93.126%,4172458
2022-03-17,93.001%,5523393
2021-09-05,92.943%,3837640
2021-09-04,92.818%,3827449
2022-03-16,92.696%,5494606
2021-09-03,92.634%,3813643
2022-02-06,92.617%,4183027
2021-09-02,92.432%,3798099
2022-03-15,92.355%,5462344
2022-02-07,92.273%,4191604
2021-05-18,92.221%,1612239
2021-05-19,92.214%,1616603
2021-05-20,92.192%,1621572
2021-05-21,92.151%,1626142
2021-05-17,92.12%,1606611
2021-09-01,92.116%,3776891
2022-03-14,92.112%,5434729
2021-06-03,92.078%,1691593
2021-06-04,92.077%,1697543
2021-05-22,92.065%,1629495
2021-05-16,92.016%,1600857
2021-05-23,91.991%,1633045
2021-05-24,91.98%,1638279
2021-06-05,91.978%,1701784
2021-05-15,91.961%,1597067
2021-08-31,91.948%,3760497
2021-05-25,91.932%,1642074
2021-06-06,91.915%,1705971
2021-06-08,91.871%,1717370
2021-06-07,91.87%,1711565
2021-05-26,91.851%,1645263
2021-05-14,91.847%,1592886
2021-06-09,91.806%,1723253
2021-08-30,91.774%,3743716
2021-05-13,91.767%,1589079
2022-02-08,91.752%,4202312
2021-05-27,91.749%,1649187
2021-05-28,91.749%,1654557
2021-06-02,91.742%,1680501
2021-05-29,91.715%,1659974
2021-05-12,91.707%,1584878
2021-05-11,91.681%,1580207
2021-06-01,91.676%,1674479
2021-06-10,91.674%,1728914
2021-05-30,91.628%,1663998
2021-05-31,91.624%,1669119
2021-05-10,91.623%,1574615
2021-06-11,91.611%,1735144
2022-03-13,91.596%,5395433
2021-06-12,91.53%,1740436
2021-05-09,91.515%,1568277
2021-05-07,91.477%,1558423
2021-05-06,91.47%,1552532
2021-05-08,91.47%,1563917
2021-05-05,91.454%,1547092
2021-08-29,91.421%,3724318
2021-05-04,91.388%,1541149
2022-03-12,91.336%,5369579
2021-06-13,91.301%,1745091
2021-05-03,91.289%,1535491
2021-05-01,91.278%,1526978
2021-04-30,91.265%,1522634
2021-05-02,91.262%,1530718
2021-04-29,91.254%,1517432
2021-06-14,91.232%,1751234
2021-04-28,91.212%,1511417
2021-04-27,91.21%,1506599
2021-08-28,91.183%,3707850
2021-06-15,91.178%,1757641
2021-04-24,91.174%,1492322
2021-04-26,91.171%,1501715
2021-04-25,91.161%,1496126
2022-02-09,91.126%,4216328
2021-04-23,91.124%,1487369
2021-04-22,91.065%,1481449
2021-04-21,91.046%,1475456
2021-06-16,91.031%,1763870
2022-03-11,90.993%,5335846
2021-08-27,90.95%,3689256
2021-04-20,90.915%,1468142
2021-06-17,90.819%,1771220
2021-04-19,90.811%,1461414
2021-08-26,90.757%,3669966
2022-02-10,90.722%,4234510
2021-04-18,90.695%,1455065
2021-04-17,90.65%,1450192
2021-06-18,90.621%,1779127
2022-03-10,90.573%,5296634
2021-04-16,90.563%,1444229
2021-04-15,90.493%,1438254
2021-04-14,90.444%,1431892
2021-04-13,90.404%,1426145
2021-08-25,90.39%,3639867
2021-06-19,90.384%,1786143
2021-04-12,90.328%,1419796
2022-02-11,90.277%,4250277
2021-04-11,90.269%,1414507
2022-03-09,90.246%,5258235
2021-04-09,90.214%,1405659
2021-04-10,90.173%,1409288
2021-04-08,90.115%,1399382
2022-03-08,90.109%,5226530
2021-06-20,90.081%,1792528
2020-04-16,9.935%,548
2021-08-24,89.97%,3606164
2021-04-07,89.942%,1391742
2022-02-12,89.914%,4282847
2021-06-21,89.888%,1801761
2021-04-06,89.851%,1385973
2021-04-05,89.838%,1381677
2021-06-22,89.694%,1810136
2021-04-04,89.677%,1375877
2022-02-13,89.641%,4309763
2022-03-07,89.624%,5171402
2021-08-23,89.522%,3571082
2021-04-03,89.44%,1366214
2021-06-23,89.372%,1817303
2021-04-02,89.354%,1361017
2021-04-01,89.309%,1355578
2022-02-14,89.241%,4323101
2021-03-31,89.192%,1348330
2021-03-30,89.17%,1342695
2021-08-22,89.116%,3546324
2022-03-06,89.108%,5122602
2021-03-29,89.056%,1336818
2021-03-28,88.992%,1331400
2021-03-27,88.949%,1327121
2021-03-26,88.931%,1322878
2021-06-24,88.924%,1826504
2021-03-24,88.898%,1312543
2021-03-25,88.846%,1317199
2021-08-21,88.783%,3522048
2022-02-15,88.748%,4349848
2021-03-23,88.696%,1304921
2022-03-05,88.638%,5073522
2021-08-20,88.576%,3499037
2021-03-22,88.542%,1297967
2021-06-25,88.528%,1835061
2021-03-21,88.399%,1290790
2021-08-19,88.363%,3472915
2022-03-04,88.288%,5026853
2021-03-20,88.249%,1284725
2021-03-19,88.196%,1278965
2021-03-18,88.164%,1272958
2021-03-17,88.13%,1266673
2021-08-18,88.119%,3443903
2022-02-16,88.103%,4375234
2021-06-26,87.989%,1842457
2022-03-03,87.984%,4986391
2021-03-16,87.92%,1257663
2022-03-02,87.818%,4944237
2022-02-17,87.76%,4414306
2021-03-15,87.713%,1249947
2021-08-17,87.71%,3414109
2022-03-01,87.693%,4901302
2021-03-14,87.577%,1243117
2021-06-27,87.481%,1850481
2021-03-13,87.47%,1237470
2022-02-18,87.378%,4447210
2022-02-28,87.366%,4861415
2021-08-16,87.348%,3381884
2021-03-12,87.329%,1231454
2021-03-11,87.24%,1224603
2021-06-28,87.077%,1859961
2022-02-21,87.056%,4554711
2022-02-19,87.044%,4481909
2021-03-10,86.976%,1216433
2022-02-27,86.967%,4817423
2021-08-15,86.966%,3351959
2021-03-09,86.929%,1210877
2022-02-20,86.864%,4514782
2022-02-22,86.837%,4593185
2022-02-26,86.804%,4778039
2021-03-08,86.789%,1203381
2022-02-25,86.78%,4736234
2021-06-29,86.698%,1869606
2021-08-14,86.646%,3321598
2021-03-07,86.59%,1194656
2021-03-06,86.583%,1189510
2022-02-23,86.571%,4632355
2021-08-13,86.459%,3289718
2021-03-05,86.449%,1182687
2022-02-24,86.438%,4674873
2021-03-04,86.427%,1176356
2021-03-03,86.415%,1169916
2021-06-30,86.326%,1880413
2021-03-02,86.18%,1160863
2021-08-12,86.051%,3247715
2021-03-01,85.88%,1151915
2021-07-01,85.801%,1890287
2021-08-11,85.641%,3211078
2021-02-28,85.619%,1142703
2021-02-27,85.477%,1136054
2021-07-02,85.326%,1901865
2021-02-26,85.32%,1128672
2021-02-25,85.302%,1121411
2021-08-10,85.273%,3171147
2021-02-24,85.192%,1112725
2021-02-22,85.115%,1096994
2021-02-23,85.09%,1104990
2021-02-21,85.017%,1087076
2021-08-09,84.89%,3129661
2021-07-03,84.859%,1915147
2021-02-20,84.858%,1078840
2021-02-19,84.62%,1069005
2020-11-11,84.572%,378982
2020-11-10,84.56%,375741
2020-11-09,84.497%,372266
2020-11-12,84.477%,382084
2021-02-18,84.476%,1058222
2021-07-04,84.422%,1928274
2021-02-15,84.324%,1032065
2021-02-16,84.255%,1039674
2021-02-17,84.242%,1047676
2021-02-14,84.214%,1025273
2021-08-08,84.143%,3084702
2020-11-08,84.141%,368298
2020-11-13,84.13%,385094
2020-11-23,84.122%,422386
2020-11-19,84.094%,406612
2020-11-20,84.076%,410552
2020-11-18,84.046%,402347
2020-11-22,84.03%,418188
2020-11-16,84.021%,395443
2020-11-17,84.02%,398636
2020-11-24,84.004%,425313
2020-11-07,83.999%,364417
2020-11-25,83.974%,429807
2020-11-06,83.968%,360705
2021-07-05,83.96%,1942690
2021-02-13,83.921%,1016036
2020-11-15,83.918%,391991
2020-11-26,83.918%,433649
2020-11-21,83.914%,413955
2020-11-05,83.876%,357142
2020-11-14,83.82%,388094
2020-11-04,83.77%,353282
2020-11-27,83.711%,437456
2020-11-28,83.709%,441983
2020-12-01,83.621%,454879
2020-11-30,83.602%,450518
2021-02-12,83.547%,1004117
2020-11-03,83.537%,349497
2021-07-06,83.52%,1958553
2020-12-02,83.507%,458880
2020-11-29,83.44%,445793
2021-08-07,83.421%,3036194
2021-02-11,83.316%,993117
2020-11-02,83.188%,345566
2021-08-06,83.054%,2996478
2021-02-10,83.052%,982972
2021-07-07,82.936%,1973388
2020-12-03,82.913%,462553
2021-02-09,82.863%,973452
2020-11-01,82.838%,341942
2021-01-05,82.836%,645746
2021-01-04,82.774%,639103
2021-01-06,82.764%,652513
2020-12-04,82.703%,466178
2021-01-07,82.665%,659437
2021-08-05,82.606%,2947646
2021-02-08,82.587%,963028
2020-12-05,82.577%,470449
2021-01-03,82.568%,631937
2021-07-12,82.546%,2119478
2021-01-08,82.5%,666883
2021-07-08,82.496%,1994573
2021-07-11,82.491%,2084724
2021-01-02,82.471%,625518
2020-12-06,82.455%,474771
2020-12-07,82.401%,479202
2021-07-09,82.395%,2023548
2020-12-08,82.39%,483497
2021-07-10,82.381%,2052109
2020-10-31,82.373%,337801
2021-08-04,82.317%,2907920
2021-01-11,82.314%,688739
2021-01-09,82.297%,673511
2021-01-01,82.252%,617936
2021-01-10,82.247%,681024
2020-12-31,82.225%,611097
2020-12-09,82.214%,487445
2021-08-03,82.182%,2873669
2021-01-12,82.172%,695807
2020-10-30,82.147%,334295
2020-12-10,82.142%,491975
2020-12-30,82.128%,603741
2020-12-11,82.097%,496886
2020-12-15,82.083%,516656
2021-08-02,82.082%,2842345
2020-12-29,82.075%,596783
2020-12-16,82.053%,521984
2021-02-07,82.049%,949990
2020-12-28,82.03%,589978
2021-01-13,81.985%,703464
2020-12-14,81.975%,510957
2020-12-12,81.974%,501376
2020-12-17,81.892%,526979
2021-02-06,81.881%,939184
2020-12-13,81.874%,505836
2020-12-18,81.821%,531995
2020-12-27,81.82%,583676
2021-07-13,81.804%,2139601
2021-01-14,81.785%,711205
2021-02-05,81.683%,926980
2021-02-04,81.676%,917306
2021-08-01,81.663%,2809538
2020-10-29,81.619%,329778
2020-12-26,81.588%,576693
2021-02-02,81.526%,896530
2020-12-22,81.507%,552722
2020-12-19,81.505%,536260
2020-12-23,81.486%,558703
2020-12-20,81.484%,541811
2021-02-03,81.469%,905665
2020-12-25,81.461%,570304
2021-01-15,81.446%,718696
2020-12-21,81.408%,546884
2020-12-24,81.401%,563980
2020-10-28,81.35%,325793
2021-01-18,81.344%,745935
2021-01-19,81.299%,753948
2020-10-27,81.283%,322248
2021-01-20,81.249%,763703
2021-07-31,81.243%,2770092
2021-01-21,81.205%,772790
2021-01-27,81.161%,831330
2021-01-28,81.13%,842122
2021-02-01,81.123%,883682
2021-01-16,81.12%,727358
2021-01-17,81.114%,736460
2021-01-26,81.035%,820356
2021-01-29,81.029%,852260
2021-01-25,81.009%,809488
2021-01-31,80.98%,873221
2021-07-30,80.973%,2730720
2021-01-23,80.929%,791059
2021-01-22,80.924%,781147
2021-01-30,80.886%,862502
2020-10-26,80.846%,317672
2021-07-14,80.799%,2157363
2021-01-24,80.748%,798810
2021-07-29,80.637%,2686170
2020-10-25,80.512%,313764
2021-07-28,80.319%,2640676
2021-07-27,80.15%,2596820
2020-10-24,80.113%,309219
2020-04-14,8.803%,426
2020-04-15,8.684%,446
2020-04-12,8.465%,359
2020-04-13,8.339%,380
2020-03-14,8.333%,8
2020-04-10,8.03%,282
2020-10-23,79.888%,305100
2021-07-15,79.816%,2176412
2021-07-26,79.809%,2549692
2020-10-21,79.738%,297509
2020-10-22,79.728%,301006
2020-10-20,79.615%,293653
2021-07-16,79.275%,2204491
2021-07-25,79.246%,2509318
2020-10-19,79.193%,289243
2021-07-24,79.022%,2471678
2021-07-21,78.977%,2356553
2021-07-23,78.896%,2431911
2021-07-22,78.887%,2392923
2020-10-18,78.848%,285324
2021-07-17,78.806%,2232394
2021-07-19,78.78%,2293875
2021-07-20,78.767%,2323666
2020-10-17,78.709%,281592
2021-07-18,78.599%,2261658
2020-10-16,78.522%,277544
2020-10-15,78.377%,273661
2020-10-14,77.694%,267851
2020-10-13,77.299%,263296
2020-10-12,76.777%,258519
2020-10-11,76.482%,255027
2020-10-10,76.449%,251481
2020-10-09,76.286%,247667
2020-10-08,76.135%,244060
2020-10-07,76.11%,240291
2020-10-06,75.982%,236437
2020-10-05,75.734%,232593
2020-10-04,75.273%,228453
2020-10-03,75.141%,225052
2020-10-01,75.035%,218487
2020-10-02,74.904%,221340
2020-09-30,74.892%,214947
2020-09-29,74.432%,210437
2020-09-28,74.221%,206870
2020-09-27,73.766%,203014
2020-09-25,73.524%,196196
2020-09-26,73.489%,199403
2020-09-24,73.22%,191853
2020-09-23,73.025%,187958
2020-08-28,72.881%,120900
2020-09-22,72.867%,184298
2020-08-27,72.797%,118575
2020-09-21,72.652%,180797
2020-08-29,72.58%,122802
2020-09-20,72.474%,177327
2020-09-19,72.438%,174350
2020-09-18,72.203%,170774
2020-08-30,72.178%,124185
2020-09-01,72.116%,128057
2020-08-31,72.061%,125959
2020-08-26,72.056%,115409
2020-09-02,71.948%,129971
2020-09-03,71.665%,132055
2020-09-16,71.662%,164101
2020-09-17,71.653%,166686
2020-09-15,71.575%,161065
2020-09-04,71.549%,134181
2020-09-05,71.54%,136401
2020-09-14,71.507%,158405
2020-08-25,71.499%,112867
2020-09-08,71.466%,142958
2020-08-24,71.462%,111060
2020-09-09,71.407%,145200
2020-09-07,71.401%,140652
2020-09-06,71.39%,138575
2020-09-11,71.213%,150217
2020-09-10,71.191%,147510
2020-09-12,70.995%,152458
2020-09-13,70.981%,155010
2020-08-23,70.017%,107500
2020-04-06,7.708%,192
2020-04-09,7.653%,252
2020-04-08,7.51%,222
2020-04-07,7.451%,204
2020-04-11,7.444%,286
2020-03-10,7.407%,2
2020-04-05,7.215%,164
2020-04-04,7.17%,150
2020-08-22,69.439%,105198
2020-08-21,68.933%,102991
2020-08-20,68.388%,100674
2020-08-19,68.065%,98657
2020-08-18,67.327%,96306
2020-08-17,66.816%,94458
2020-08-16,66.717%,93103
2020-08-15,66.431%,91321
2020-08-14,66.323%,89618
2020-08-13,65.924%,87558
2020-08-12,65.636%,85798
2020-08-11,65.004%,83710
2020-08-10,64.71%,82236
2020-08-09,64.557%,80952
2020-08-08,64.214%,79306
2020-08-07,63.977%,77557
2020-08-06,63.699%,75645
2020-08-05,63.223%,73889
2020-08-04,62.622%,72050
2020-08-03,62.083%,70237
2020-08-02,61.886%,68975
2020-08-01,61.78%,67919
2020-07-31,60.813%,65907
2020-07-30,60.461%,64292
2020-03-15,6.838%,8
2020-04-03,6.747%,134
2020-04-02,6.257%,112
2020-04-01,6.142%,103
2020-07-29,59.501%,62138
2020-07-28,59.322%,60539
2020-07-27,57.997%,58173
2020-07-26,57.356%,56655
2020-07-25,56.898%,55354
2020-07-24,56.535%,53945
2020-07-23,55.697%,52164
2020-07-22,54.773%,50255
2020-07-21,53.93%,48466
2020-07-20,53.253%,46977
2020-07-19,52.474%,45401
2020-07-18,50.974%,43268
2020-07-17,50.324%,41834
2020-03-16,5.97%,8
2020-03-12,5.882%,2
2020-03-11,5.882%,2
2020-03-22,5.642%,29
2020-03-30,5.304%,75
2020-03-31,5.301%,81
2020-03-17,5.233%,9
2020-03-23,5.181%,30
2020-03-28,5.108%,59
2020-07-16,49.401%,40345
2020-07-15,48.755%,39050
2020-07-14,47.9%,37636
2020-07-13,47.66%,36689
2020-07-12,47.079%,35638
2020-07-11,46.906%,34719
2020-07-07,46.485%,30785
2020-07-08,46.395%,31585
2020-07-10,46.345%,33529
2020-07-09,46.159%,32651
2020-07-06,46.059%,29919
2020-07-05,45.656%,29105
2020-07-03,45.421%,27568
2020-07-04,45.411%,28219
2020-07-02,44.898%,26667
2020-07-01,44.305%,25595
2020-06-30,43.994%,24806
2020-06-29,43.2%,23800
2020-06-28,42.466%,22936
2020-06-27,41.485%,21909
2020-06-26,41.482%,21333
2020-06-25,40.746%,20449
2020-06-23,40.172%,19241
2020-06-24,40.111%,19658
2020-06-21,40.104%,18404
2020-03-29,4.981%,64
2020-03-19,4.854%,15
2020-03-18,4.846%,11
2020-03-20,4.607%,17
2020-03-21,4.444%,20
2020-03-27,4.398%,46
2020-03-24,4.38%,30
2020-06-22,39.994%,18735
2020-06-20,39.714%,17883
2020-06-19,39.607%,17349
2020-06-18,39.283%,16798
2020-06-17,39.205%,16243
2020-06-16,38.869%,15703
2020-06-15,38.487%,15123
2020-06-14,37.963%,14531
2020-06-13,36.815%,13776
2020-06-12,36.293%,13213
2020-06-11,35.801%,12636
2020-06-10,35.345%,12129
2020-06-09,34.509%,11414
2020-06-08,34.04%,10904
2020-06-07,33.663%,10498
2020-06-06,32.467%,9907
2020-06-05,31.987%,9443
2020-06-04,30.856%,8892
2020-03-25,3.924%,31
2020-03-26,3.919%,35
2020-06-03,29.774%,8406
2020-06-02,28.803%,7935
2020-06-01,28.348%,7637
2020-05-31,27.605%,7308
2020-05-30,27.218%,7015
2020-05-29,25.746%,6492
2020-05-28,25.43%,6240
2020-05-27,25.395%,6057
2020-05-26,25.37%,5877
2020-05-25,24.8%,5642
2020-05-22,24.317%,5057
2020-05-24,24.256%,5402
2020-05-19,24.151%,4467
2020-05-23,24.139%,5249
2020-05-18,24.009%,4324
2020-05-21,23.996%,4838
2020-05-20,23.842%,4575
2020-05-17,23.575%,4129
2020-05-15,23.054%,3803
2020-05-16,22.972%,3911
2020-05-14,21.979%,3518
2020-05-13,21.292%,3287
2020-05-12,20.768%,3063
2020-05-11,20.196%,2881
2020-03-13,2.899%,2
2020-05-10,19.227%,2698
2020-05-09,19.106%,2607
2020-05-08,19.021%,2494
2020-05-07,18.637%,2381
2020-05-06,18.628%,2317
2020-05-05,18.201%,2197
2020-05-04,16.864%,1954
2020-05-03,16.762%,1876
2020-05-02,15.356%,1665
2020-05-01,15.079%,1591
2020-04-30,15.042%,1522
2020-04-29,14.236%,1391
2020-04-28,13.185%,1254
2020-04-27,12.654%,1151
2020-04-26,12.463%,1107
2020-04-23,12.347%,960
2020-04-22,12.308%,913
2020-04-24,12.203%,1002
2020-04-25,12.106%,1042
2020-04-21,11.801%,842
2020-04-20,11.05%,747
2020-04-19,10.433%,686
2020-04-17,10.248%,607
2020-04-18,10.099%,631
2020-03-02,0%,0
2020-03-03,0%,0
2020-03-04,0%,0
2020-03-05,0%,0
2020-03-06,0%,0
2020-03-07,0%,0
2020-03-08,0%,0
2020-03-09,0%,0